16MB,htod,pre_htod,,dtoh,pre_dtoh,,7.84259E-08
1,1.34431625,1.32E+00,1.45E-02,1.229534545,1.2132946,1.32E-02,7.17816E-08
2,1.332949091,1.3347677,1.36E-03,1.243726,1.2232946,1.64E-02,
4,1.364712727,1.3547677,7.29E-03,1.262395,1.2432946,1.51E-02,
8,1.420228182,1.3947677,1.79E-02,1.307773333,1.2832946,1.87E-02,
16,1.541242857,1.4747677,4.31E-02,1.42661,1.3632946,4.44E-02,
